<?xml version="1.0" encoding="UTF-8"?>
<beans xmlns="http://www.springframework.org/schema/beans"
	xmlns:xsi="http://www.w3.org/2001/XMLSchema-instance"
	xmlns:int="http://www.springframework.org/schema/integration"
	xsi:schemaLocation="http://www.springframework.org/schema/integration https://www.springframework.org/schema/integration/spring-integration.xsd
		http://www.springframework.org/schema/beans https://www.springframework.org/schema/beans/spring-beans.xsd">

	<int:channel id="controlChannel"/>
	
	<int:channel id="adapterOutputChanel">
		<int:queue/>
	</int:channel>

	<int:control-bus input-channel="controlChannel"/>
	
	<int:inbound-channel-adapter id="inboundAdapter"
							     channel="adapterOutputChanel" 
								 expression="'Hello'"
								 auto-startup="false">
		<int:poller fixed-rate="1000"/>
	</int:inbound-channel-adapter>
</beans>
