{
  "properties": [
    {
      "sourceType": "org.apache.ibatis.session.Configuration",
      "defaultValue": "org.apache.ibatis.scripting.xmltags.XMLLanguageDriver",
      "name": "mybatis.configuration.default-scripting-language",
      "description": "A default LanguageDriver class.",
      "type": "java.lang.Class<? extends org.apache.ibatis.scripting.LanguageDriver>",
      "deprecation": {
        "reason": "Because when this configuration property is used, there is case that custom language driver cannot be registered correctly.",
        "replacement": "mybatis.default-scripting-language-driver"
      }
    },
    {
      "sourceType": "org.apache.ibatis.session.Configuration",
      "defaultValue": "org.apache.ibatis.type.EnumTypeHandler",
      "name": "mybatis.configuration.default-enum-type-handler",
      "description": "A default TypeHandler class for Enum.",
      "type": "java.lang.Class<? extends org.apache.ibatis.type.TypeHandler>"
    },
    {
      "defaultValue": false,
      "name": "mybatis.lazy-initialization",
      "description": "Set whether enable lazy initialization for mapper bean.",
      "type": "java.lang.Boolean"
    },
    {
      "defaultValue": "",
      "name": "mybatis.mapper-default-scope",
      "description": "A default scope for mapper bean that scanned by auto-configure.",
      "type": "java.lang.String"
    },
    {
      "name": "mybatis.scripting-language-driver.velocity.userdirective",
      "deprecation": {
        "level": "error",
        "reason": "The 'userdirective' is deprecated since Velocity 2.x. This property defined for keeping backward compatibility with older velocity version.",
        "replacement": "mybatis.scripting-language-driver.velocity.velocity-settings.runtime.custom_directives"
      }
    }

  ]
}
