<?xml version="1.0" encoding="UTF-8"?>
<beans xmlns="http://www.springframework.org/schema/beans"
       xmlns:xsi="http://www.w3.org/2001/XMLSchema-instance"
       xmlns:context="http://www.springframework.org/schema/context"
       xsi:schemaLocation="http://www.springframework.org/schema/beans
        http://www.springframework.org/schema/beans/spring-beans.xsd
        http://www.springframework.org/schema/context
        http://www.springframework.org/schema/context/spring-context.xsd">

    <bean id="connectionFactory" class="org.hornetq.jms.client.HornetQJMSConnectionFactory">
        <constructor-arg name="ha" value="false" />
        <constructor-arg>
            <bean class="org.hornetq.api.core.TransportConfiguration">
                <constructor-arg
                        value="org.hornetq.core.remoting.impl.netty.NettyConnectorFactory" />
                <constructor-arg>
                    <map key-type="java.lang.String" value-type="java.lang.Object">
                        <entry key="host" value="127.0.0.1"/>
                        <entry key="port" value="5445"/>
                    </map>
                </constructor-arg>
            </bean>
        </constructor-arg>
    </bean>

    <bean id="jmsTemplate" class="org.springframework.jms.core.JmsTemplate">
        <constructor-arg name="connectionFactory" ref="connectionFactory"/>
        <property name="defaultDestinationName" value="prospring4"/>
    </bean>

    <context:component-scan base-package="com.apress.prospring4.ch12"/>
</beans>
