<?xml version="1.0" encoding="UTF-8"?>
<beans xmlns="http://www.springframework.org/schema/beans"
       xmlns:xsi="http://www.w3.org/2001/XMLSchema-instance"
       xmlns:context="http://www.springframework.org/schema/context"
       xmlns:util="http://www.springframework.org/schema/util"
       xmlns:p="http://www.springframework.org/schema/p"
       xsi:schemaLocation="http://www.springframework.org/schema/beans
        http://www.springframework.org/schema/beans/spring-beans.xsd
        http://www.springframework.org/schema/context 
        http://www.springframework.org/schema/context/spring-context.xsd
        http://www.springframework.org/schema/util
        http://www.springframework.org/schema/util/spring-util.xsd">

    <context:annotation-config/>

    <context:property-placeholder location="classpath:application.properties"/>

    <bean id="customEditorConfigurer"
          class="org.springframework.beans.factory.config.CustomEditorConfigurer"
          p:propertyEditorRegistrars-ref="propertyEditorRegistrarsList"/>

    <util:list id="propertyEditorRegistrarsList">
        <bean class="com.apress.prospring4.ch10.DateTimeEditorRegistrar">
            <constructor-arg value="${date.format.pattern}"/>
        </bean>
    </util:list>

    <bean id="chris" class="com.apress.prospring4.ch10.Contact"
          p:firstName="Chris"
          p:lastName="Schaefer"
          p:birthDate="1981-05-03"
          p:personalSite="http://www.dtzq.com"/>

    <bean id="myContact" class="com.apress.prospring4.ch10.Contact"
          p:firstName="${myContact.firstName}"
          p:lastName="${myContact.lastName}"
          p:birthDate="${myContact.birthDate}"
          p:personalSite="${myContact.personalSite}"/>
</beans>
