<?xml version="1.0" encoding="UTF-8"?>
<!--
  ~ Copyright 2002-2011 the original author or authors.
  ~
  ~ Licensed under the Apache License, Version 2.0 (the "License");
  ~ you may not use this file except in compliance with the License.
  ~ You may obtain a copy of the License at
  ~
  ~      http://www.apache.org/licenses/LICENSE-2.0
  ~
  ~ Unless required by applicable law or agreed to in writing, software
  ~ distributed under the License is distributed on an "AS IS" BASIS,
  ~ WITHOUT WARRANTIES OR CONDITIONS OF ANY KIND, either express or implied.
  ~ See the License for the specific language governing permissions and
  ~ limitations under the License.
  -->

<mule xmlns="http://www.mulesoft.org/schema/mule/core"
      xmlns:xsi="http://www.w3.org/2001/XMLSchema-instance"
      xmlns:spring="http://www.springframework.org/schema/beans"
      xmlns:http="http://www.mulesoft.org/schema/mule/http"
      xmlns:jms="http://www.mulesoft.org/schema/mule/jms"
      xmlns:vm="http://www.mulesoft.org/schema/mule/vm"
      xmlns:client="http://www.mulesoft.org/schema/mule/client"
      xmlns:cxf="http://www.mulesoft.org/schema/mule/cxf"
      xmlns:management="http://www.mulesoft.org/schema/mule/management"
      xmlns:scripting="http://www.mulesoft.org/schema/mule/scripting"
      xmlns:sxc="http://www.mulesoft.org/schema/mule/sxc"
      xmlns:mule-xml="http://www.mulesoft.org/schema/mule/xml"
      xsi:schemaLocation="
        http://www.mulesoft.org/schema/mule/core http://www.mulesoft.org/schema/mule/core/3.0/mule.xsd
        http://www.mulesoft.org/schema/mule/http http://www.mulesoft.org/schema/mule/http/3.0/mule-http.xsd
        http://www.mulesoft.org/schema/mule/jms http://www.mulesoft.org/schema/mule/jms/3.0/mule-jms.xsd
        http://www.mulesoft.org/schema/mule/vm http://www.mulesoft.org/schema/mule/vm/3.0/mule-vm.xsd
        http://www.mulesoft.org/schema/mule/client http://www.mulesoft.org/schema/mule/client/3.0/mule-client.xsd
        http://www.mulesoft.org/schema/mule/cxf http://www.mulesoft.org/schema/mule/cxf/3.0/mule-cxf.xsd
        http://www.mulesoft.org/schema/mule/management http://www.mulesoft.org/schema/mule/management/3.0/mule-management.xsd
        http://www.mulesoft.org/schema/mule/scripting http://www.mulesoft.org/schema/mule/scripting/3.0/mule-scripting.xsd
        http://www.mulesoft.org/schema/mule/sxc http://www.mulesoft.org/schema/mule/sxc/3.0/mule-sxc.xsd
        http://www.mulesoft.org/schema/mule/xml http://www.mulesoft.org/schema/mule/xml/3.0/mule-xml.xsd
        http://www.springframework.org/schema/beans http://www.springframework.org/schema/beans/spring-beans-3.0.xsd">

  <description>
    Mule Example
  </description>

  <jms:activemq-connector name="jmsConnector"
                          specification="1.1" brokerURL="vm://localhost"/>

  <flow name="main">
    <http:inbound-endpoint host="localhost"
                           port="8192" path="example" keep-alive="true"/>

    <!-- TODO add your service component here.
     This can also be a Spring bean using <spring-object bean="name"/>
   -->
    <echo-component/>

    <jms:outbound-endpoint queue="my.destination"/>
  </flow>

  <flow name="jms-receive">
    <jms:inbound-endpoint queue="my.destination"/>

    <echo-component/>

    <outbound-endpoint address="stdio://OUT" exchange-pattern="one-way"/>
  </flow>
</mule>
