<?xml version="1.0" encoding="UTF-8"?>
<beans xmlns="http://www.springframework.org/schema/beans"
	xmlns:xsi="http://www.w3.org/2001/XMLSchema-instance"
	xmlns:int="http://www.springframework.org/schema/integration"
	xmlns:int-ftp="http://www.springframework.org/schema/integration/ftp"
	xmlns:context="http://www.springframework.org/schema/context"
	xsi:schemaLocation="http://www.springframework.org/schema/beans https://www.springframework.org/schema/beans/spring-beans.xsd
		http://www.springframework.org/schema/integration https://www.springframework.org/schema/integration/spring-integration.xsd
		http://www.springframework.org/schema/context https://www.springframework.org/schema/context/spring-context.xsd
		http://www.springframework.org/schema/integration/ftp https://www.springframework.org/schema/integration/ftp/spring-integration-ftp.xsd">

	<context:property-placeholder />

	<bean id="ftpClientFactory" class="org.springframework.integration.ftp.session.DefaultFtpSessionFactory">
		<property name="host" value="${host}"/>
		<property name="username" value="${user}"/>
		<property name="password" value="${password}"/>
	</bean>

	<int:channel id="toFtpChannel"/>

	<int-ftp:outbound-channel-adapter id="ftpOutbound"
				channel="toFtpChannel"
				remote-directory="${remote.directory}"
				session-factory="ftpClientFactory"/>

</beans>
