<?xml version="1.0" encoding="UTF-8"?>
<!--
  ~ Copyright 2002-2011 the original author or authors.
  ~
  ~ Licensed under the Apache License, Version 2.0 (the "License");
  ~ you may not use this file except in compliance with the License.
  ~ You may obtain a copy of the License at
  ~
  ~      http://www.apache.org/licenses/LICENSE-2.0
  ~
  ~ Unless required by applicable law or agreed to in writing, software
  ~ distributed under the License is distributed on an "AS IS" BASIS,
  ~ WITHOUT WARRANTIES OR CONDITIONS OF ANY KIND, either express or implied.
  ~ See the License for the specific language governing permissions and
  ~ limitations under the License.
  -->

<definitions id="definitions"
             xmlns="http://www.omg.org/spec/BPMN/20100524/MODEL"
             xmlns:xsi="http://www.w3.org/2001/XMLSchema-instance"
             xmlns:activiti="http://activiti.org/bpmn"
             typeLanguage="http://www.w3.org/2001/XMLSchema"
             expressionLanguage="http://www.w3.org/1999/XPath"
             targetNamespace="http://www.activiti.org/bpmn2.0">

  <process id="hello">

    <startEvent id="start"/>

    <sequenceFlow id="sf1" sourceRef="start" targetRef="helloScriptTask"/>

    <scriptTask id="helloScriptTask" name="Execute script" scriptFormat="groovy">
      <script>
        println 'hello ' + customerId + '!'
      </script>
    </scriptTask>

    <sequenceFlow id="sf2" sourceRef="helloScriptTask" targetRef="end"/>

    <endEvent id="end"/>

  </process>

</definitions>
