<?xml version="1.0" encoding="ISO-8859-1"?>
<!--
  ~ Copyright 2002-2011 the original author or authors.
  ~
  ~ Licensed under the Apache License, Version 2.0 (the "License");
  ~ you may not use this file except in compliance with the License.
  ~ You may obtain a copy of the License at
  ~
  ~      http://www.apache.org/licenses/LICENSE-2.0
  ~
  ~ Unless required by applicable law or agreed to in writing, software
  ~ distributed under the License is distributed on an "AS IS" BASIS,
  ~ WITHOUT WARRANTIES OR CONDITIONS OF ANY KIND, either express or implied.
  ~ See the License for the specific language governing permissions and
  ~ limitations under the License.
  -->

<project name="Spring Batch: ${project.name}">

  <bannerLeft>
    <name>Spring Sample: ${project.name}</name>
    <href>index.html</href>
  </bannerLeft>

  <skin>
    <groupId>org.springframework.maven.skins</groupId>
    <artifactId>maven-spring-skin</artifactId>
    <version>1.0.5</version>
  </skin>

  <body>

    <links>
      <item name="${project.name}" href="index.html"/>
    </links>

    <menu ref="reports"/>

  </body>

</project>
