<?xml version="1.0" encoding="UTF-8"?>
<!--
  ~ Copyright 2002-2011 the original author or authors.
  ~
  ~ Licensed under the Apache License, Version 2.0 (the "License");
  ~ you may not use this file except in compliance with the License.
  ~ You may obtain a copy of the License at
  ~
  ~      http://www.apache.org/licenses/LICENSE-2.0
  ~
  ~ Unless required by applicable law or agreed to in writing, software
  ~ distributed under the License is distributed on an "AS IS" BASIS,
  ~ WITHOUT WARRANTIES OR CONDITIONS OF ANY KIND, either express or implied.
  ~ See the License for the specific language governing permissions and
  ~ limitations under the License.
  -->

<beans xmlns="http://www.springframework.org/schema/beans"
       xmlns:xsi="http://www.w3.org/2001/XMLSchema-instance"
       xmlns:context="http://www.springframework.org/schema/context"
       xsi:schemaLocation="http://www.springframework.org/schema/beans
    http://www.springframework.org/schema/beans/spring-beans-3.0.xsd
    http://www.springframework.org/schema/context
    http://www.springframework.org/schema/context/spring-context-3.0.xsd">

  <context:annotation-config/>

  <bean name="colorPicker"
        class="com.apress.prospringintegration.corespring.config.annotation.ColorPicker"
        primary="true"/>

  <bean
      name="colorRandomizer"
      class="com.apress.prospringintegration.corespring.config.annotation.ColorRandomizer"/>

  <!-- Qualifier can be used to obtain this by name -->
  <bean
      name="noRedColors"
      class="com.apress.prospringintegration.corespring.config.annotation.ColorRandomizer">
    <property name="colorException" value="red"/>
  </bean>

  <!-- Bean demonstrates qualifier for XML elements -->
  <bean
      class="com.apress.prospringintegration.corespring.config.annotation.ColorRandomizer">
    <qualifier
        type="com.apress.prospringintegration.corespring.config.annotation.Randomizer"
        value="noOrange"/>
    <property name="colorException" value="orange"/>
  </bean>

  <!-- A bunch of colors to populate a Collection -->
  <bean id="primaryColor" factory-bean="colorRandomizer" factory-method="randomColor"
        primary="true"/>
  <bean id="anotherColor" factory-bean="colorRandomizer" factory-method="randomColor"/>
  <bean id="extraColor" factory-bean="colorRandomizer" factory-method="randomColor"/>

</beans>
