<?xml version="1.0" encoding="UTF-8"?>
<!--
    *** GENERATED FROM project.xml - DO NOT EDIT ***
    ***           EDIT ../build.xml INSTEAD      ***
-->
<project name="JmsExample-impl" default="default" basedir="..">
  <target name="default" depends="dist_se"/>
  <!--
      INITIALIZATION SECTION
  -->
  <target name="pre-init">
    <!-- Empty placeholder for easier customization. -->
    <!-- You can override this target in the ../build.xml file. -->
  </target>
  <target name="init-private" depends="pre-init">
    <property file="nbproject/private/private.properties"/>
  </target>
  <target name="init-userdir" depends="pre-init,init-private">
    <property name="user.properties.file" location="${netbeans.user}/build.properties"/>
  </target>
  <target name="init-user" depends="pre-init,init-private,init-userdir">
    <property file="${user.properties.file}"/>
  </target>
  <target name="init-project" depends="pre-init,init-private,init-userdir,init-user">
    <property file="nbproject/project.properties"/>
  </target>
  <target name="do-init" depends="pre-init,init-private,init-userdir,init-user,init-project">
    <available file="${src.dir}/../retrieved" property="retrieved.exists"/>
  </target>
  <target name="post-init">
    <!-- Empty placeholder for easier customization. -->
    <!-- You can override this target in the ../build.xml file. -->
  </target>
  <target name="init-check" depends="pre-init,init-private,init-userdir,init-user,init-project,do-init">
    <fail unless="src.dir">Must set src.dir</fail>
    <fail unless="build.dir">Must set build.dir</fail>
    <fail unless="dist.dir">Must set dist.dir</fail>
    <fail unless="dist.jar">Must set dist.jar</fail>
  </target>
  <target name="init-taskdefs" if="from.commandline">
    <path id="ant.task.classpath">
      <pathelement location="${esb.netbeans.platform}/../ide11/modules/org-apache-xml-resolver.jar"/>
      <pathelement location="${esb.netbeans.platform}/../ide11/modules/org-netbeans-modules-project-ant.jar"/>
      <pathelement location="${esb.netbeans.platform}/../ide11/modules/org-netbeans-modules-project-libraries.jar"/>
      <pathelement location="${esb.netbeans.platform}/../ide11/modules/org-netbeans-modules-projectapi.jar"/>
      <pathelement location="${esb.netbeans.platform}/../ide11/modules/org-netbeans-modules-projectuiapi.jar"/>
      <pathelement location="${esb.netbeans.platform}/../ide11/modules/org-netbeans-modules-xml-catalog.jar"/>
      <pathelement location="${esb.netbeans.platform}/../ide11/modules/org-netbeans-modules-xml-core.jar"/>
      <pathelement location="${esb.netbeans.platform}/../ide11/modules/org-netbeans-modules-xml-xam.jar"/>
      <pathelement location="${esb.netbeans.platform}/../ide11/modules/org-netbeans-modules-xml-schema-model.jar"/>
      <pathelement location="${esb.netbeans.platform}/../ide11/modules/org-netbeans-modules-xml-wsdl-model.jar"/>
      <pathelement location="${esb.netbeans.platform}/../ide11/modules/org-netbeans-modules-xml-retriever.jar"/>
      <pathelement location="${esb.netbeans.platform}/../ide11/modules/org-netbeans-api-xml.jar"/>
      <pathelement location="${esb.netbeans.platform}/../ide11/modules/ext/resolver-1.2.jar"/>
      <pathelement location="${esb.netbeans.platform}/../platform10/core/core.jar"/>
      <pathelement location="${esb.netbeans.platform}/../platform10/core/org-openide-filesystems.jar"/>
      <pathelement location="${esb.netbeans.platform}/../platform10/lib/boot.jar"/>
      <pathelement location="${esb.netbeans.platform}/../platform10/lib/org-openide-modules.jar"/>
      <pathelement location="${esb.netbeans.platform}/../platform10/lib/org-openide-util.jar"/>
      <pathelement location="${esb.netbeans.platform}/../platform10/modules/org-openide-awt.jar"/>
      <pathelement location="${esb.netbeans.platform}/../platform10/modules/org-openide-dialogs.jar"/>
      <pathelement location="${esb.netbeans.platform}/../platform10/modules/org-openide-loaders.jar"/>
      <pathelement location="${esb.netbeans.platform}/../platform10/modules/org-openide-nodes.jar"/>
      <pathelement location="${esb.netbeans.platform}/../platform10/modules/org-openide-text.jar"/>
      <pathelement location="${esb.netbeans.platform}/../platform10/modules/org-openide-windows.jar"/>
      <pathelement
          location="${esb.netbeans.platform}/../platform10/modules/org-netbeans-modules-editor-mimelookup.jar"/>
      <pathelement location="${esb.netbeans.platform}/../platform10/modules/org-netbeans-modules-masterfs.jar"/>
      <pathelement location="${esb.netbeans.platform}/../platform10/modules/org-netbeans-modules-queries.jar"/>
      <pathelement location="${esb.netbeans.platform}/../soa2/modules/org-netbeans-modules-bpel-core.jar"/>
      <pathelement location="${esb.netbeans.platform}/../soa2/modules/org-netbeans-modules-bpel-debugger-api.jar"/>
      <pathelement location="${esb.netbeans.platform}/../soa2/modules/org-netbeans-modules-bpel-model.jar"/>
      <pathelement location="${esb.netbeans.platform}/../soa2/modules/org-netbeans-modules-bpel-project.jar"/>
      <pathelement location="${esb.netbeans.platform}/../soa2/modules/org-netbeans-modules-bpel-validation.jar"/>
      <pathelement location="${esb.netbeans.platform}/../soa2/modules/org-netbeans-modules-soa-ui.jar"/>
      <pathelement location="${esb.netbeans.platform}/../soa2/modules/org-netbeans-modules-compapp-projects-base.jar"/>
      <pathelement location="${esb.netbeans.platform}/../soa2/ant/nblib/org-netbeans-modules-bpel-project.jar"/>
      <pathelement location="${esb.netbeans.platform}/../xml2/modules/org-netbeans-modules-xml-catalogsupport.jar"/>
      <pathelement location="${esb.netbeans.platform}/../xml2/modules/org-netbeans-modules-xml-wsdl-extensions.jar"/>
      <pathelement location="${esb.netbeans.platform}/../xml2/modules/org-netbeans-modules-xml-util.jar"/>
      <pathelement location="${esb.netbeans.platform}/../xml2/modules/org-netbeans-modules-xml-validation.jar"/>
      <pathelement location="${esb.netbeans.platform}/../xml2/modules/org-netbeans-modules-xml-xpath.jar"/>
      <pathelement location="${esb.netbeans.platform}/../xml2/modules/org-netbeans-modules-xml-xpath-ext.jar"/>
      <pathelement location="${esb.netbeans.platform}/../xml2/modules/ext/jxpath/jxpath1.1.jar"/>
    </path>
    <taskdef name="validate-project"
             classname="org.netbeans.modules.bpel.project.anttasks.cli.CliValidateBpelProjectTask">
      <classpath refid="ant.task.classpath"/>
    </taskdef>
    <taskdef name="generate-catalog-xml"
             classname="org.netbeans.modules.bpel.project.anttasks.cli.CliGenerateCatalogTask">
      <classpath refid="ant.task.classpath"/>
    </taskdef>
    <taskdef name="generate-jbi-xml"
             classname="org.netbeans.modules.bpel.project.anttasks.cli.CliGenerateJbiDescriptorTask">
      <classpath refid="ant.task.classpath"/>
    </taskdef>
  </target>
  <target name="init"
          depends="pre-init,init-private,init-userdir,init-user,init-project,do-init,post-init,init-check,init-taskdefs"/>
  <!--
      DIST BUILDING SECTION
  -->
  <target name="pre-dist">
    <!-- Empty placeholder for easier customization. -->
    <!-- You can override this target in the ../build.xml file. -->
  </target>
  <target name="deps-jar-dist" depends="init" unless="${no.dependencies}"/>
  <target name="do-dist" depends="init,pre-dist">
    <mkdir dir="${build.dir}"/>
    <validate-project buildDirectory="${basedir}/${build.dir}" sourceDirectory="${basedir}/${src.dir}"
                      projectClassPath="${javac.classpath}"
                      buildDependentProjectDir="${basedir}/${build.dir}/dependentProjectFiles"
                      classpathRef="ant.task.classpath" allowBuildWithError="${allow.build.with.error}"
                      validation="${validation}"/>
    <copy todir="${build.dir}" preservelastmodified="true">
      <fileset includes="**/*.bpel,**/*.wsdl,**/*.xsd, **/*.xsl, **/*.xslt, **/*.jar" dir="${src.dir}"/>
    </copy>
    <generate-catalog-xml buildDirectory="${basedir}/${build.dir}" sourceDirectory="${basedir}/${src.dir}"
                          projectClassPath="${javac.classpath}" classpathRef="ant.task.classpath"/>
    <generate-jbi-xml buildDirectory="${basedir}/${build.dir}" sourceDirectory="${basedir}/${src.dir}"
                      projectClassPath="${javac.classpath}" classpathRef="ant.task.classpath"/>
    <jar compress="${jar.compress}" jarfile="${build.dir}/SEDeployment.jar">
      <fileset includes="**/*.bpel,**/*.wsdl,**/*.xsd, **/*.xsl, **/*.xslt, **/*.jar" excludes="SEDeployment.jar"
               dir="${basedir}/${build.dir}"/>
      <fileset dir="${basedir}/${build.dir}">
        <include name="**/jbi.xml"/>
        <include name="**/catalog.xml"/>
      </fileset>
    </jar>
  </target>
  <target name="post-dist">
    <!-- Empty placeholder for easier customization. -->
    <!-- You can override this target in the ../build.xml file. -->
  </target>
  <target name="dist_se" depends="init,pre-dist,deps-jar-dist,do-dist,post-dist"/>
  <!--
      CLEANUP SECTION
  -->
  <target name="pre-clean">
    <!-- Empty placeholder for easier customization. -->
    <!-- You can override this target in the ../build.xml file. -->
  </target>
  <target name="deps-clean" depends="init" unless="${no.dependencies}"/>
  <target name="do-clean" depends="init,pre-clean">
    <delete dir="${build.dir}"/>
    <delete dir="${dist.dir}"/>
  </target>
  <target name="post-clean">
    <!-- Empty placeholder for easier customization. -->
    <!-- You can override this target in the ../build.xml file. -->
  </target>
  <target name="clean" depends="init,pre-clean,deps-clean,do-clean,post-clean"/>
</project>
