<?xml version="1.0" encoding="UTF-8"?>
<beans xmlns="http://www.springframework.org/schema/beans"
       xmlns:xsi="http://www.w3.org/2001/XMLSchema-instance"
       xmlns:context="http://www.springframework.org/schema/context"
       xmlns:mvc="http://www.springframework.org/schema/mvc"
       xsi:schemaLocation="http://www.springframework.org/schema/beans
        http://www.springframework.org/schema/beans/spring-beans.xsd
        http://www.springframework.org/schema/context
        http://www.springframework.org/schema/context/spring-context.xsd
        http://www.springframework.org/schema/mvc
        http://www.springframework.org/schema/mvc/spring-mvc.xsd">

    <mvc:annotation-driven>
        <mvc:message-converters>
            <bean class="org.springframework.http.converter.json.MappingJackson2HttpMessageConverter"/>
            <bean class="org.springframework.http.converter.xml.MarshallingHttpMessageConverter">
                <property name="marshaller" ref="castorMarshaller"/>
                <property name="unmarshaller" ref="castorMarshaller"/>
            </bean>
        </mvc:message-converters>
    </mvc:annotation-driven>

    <context:component-scan base-package="com.apress.prospring4.ch12"/>

    <bean id="castorMarshaller" class="org.springframework.oxm.castor.CastorMarshaller">
        <property name="mappingLocation" value="classpath:META-INF/spring/oxm-mapping.xml"/>
    </bean>
</beans>
