<?xml version="1.0" encoding="UTF-8"?>
<!--
  ~ Copyright 2002-2011 the original author or authors.
  ~
  ~ Licensed under the Apache License, Version 2.0 (the "License");
  ~ you may not use this file except in compliance with the License.
  ~ You may obtain a copy of the License at
  ~
  ~      http://www.apache.org/licenses/LICENSE-2.0
  ~
  ~ Unless required by applicable law or agreed to in writing, software
  ~ distributed under the License is distributed on an "AS IS" BASIS,
  ~ WITHOUT WARRANTIES OR CONDITIONS OF ANY KIND, either express or implied.
  ~ See the License for the specific language governing permissions and
  ~ limitations under the License.
  -->

<beans xmlns="http://www.springframework.org/schema/beans"
       xmlns:int="http://www.springframework.org/schema/integration"
       xmlns:xsi="http://www.w3.org/2001/XMLSchema-instance"
       xmlns:security="http://www.springframework.org/schema/security"
       xmlns:context="http://www.springframework.org/schema/context"
       xmlns:si-security="http://www.springframework.org/schema/integration/security"
       xsi:schemaLocation="http://www.springframework.org/schema/beans
		http://www.springframework.org/schema/beans/spring-beans.xsd
    http://www.springframework.org/schema/integration
    http://www.springframework.org/schema/integration/spring-integration-2.0.xsd
		http://www.springframework.org/schema/security
		http://www.springframework.org/schema/security/spring-security-3.0.xsd
		http://www.springframework.org/schema/context
		http://www.springframework.org/schema/context/spring-context.xsd
		http://www.springframework.org/schema/integration/security
		http://www.springframework.org/schema/integration/security/spring-integration-security-2.0.xsd">

  <context:component-scan base-package="com.apress.prospringintegration.security"/>

  <security:authentication-manager alias="authenticationManager">
    <security:authentication-provider user-service-ref="userDetailsService"/>
  </security:authentication-manager>

  <security:user-service id="userDetailsService">
    <security:user name="secureuser" password="password"
                   authorities="ROLE_USER, ROLE_ADMIN"/>
    <security:user name="unsecureuser" password="password"
                   authorities="ROLE_USER"/>
  </security:user-service>

  <si-security:secured-channels>
    <si-security:access-policy pattern="secure.*"
                               send-access="ROLE_ADMIN, ROLE_PRESIDENT"/>
  </si-security:secured-channels>

  <int:logging-channel-adapter channel="secureCustomerData"
                               log-full-message="true"/>

  <int:channel id="secureCustomerData"/>

</beans>