<?xml version="1.0" encoding="UTF-8"?>
<!--
  ~ Copyright 2002-2011 the original author or authors.
  ~
  ~ Licensed under the Apache License, Version 2.0 (the "License");
  ~ you may not use this file except in compliance with the License.
  ~ You may obtain a copy of the License at
  ~
  ~      http://www.apache.org/licenses/LICENSE-2.0
  ~
  ~ Unless required by applicable law or agreed to in writing, software
  ~ distributed under the License is distributed on an "AS IS" BASIS,
  ~ WITHOUT WARRANTIES OR CONDITIONS OF ANY KIND, either express or implied.
  ~ See the License for the specific language governing permissions and
  ~ limitations under the License.
  -->

<beans xmlns="http://www.springframework.org/schema/beans"
       xmlns:xsi="http://www.w3.org/2001/XMLSchema-instance"
       xmlns:int="http://www.springframework.org/schema/integration"
       xmlns:mail="http://www.springframework.org/schema/integration/mail"
       xmlns:util="http://www.springframework.org/schema/util"
       xsi:schemaLocation="http://www.springframework.org/schema/integration
    http://www.springframework.org/schema/integration/spring-integration-2.0.xsd
		http://www.springframework.org/schema/beans
		http://www.springframework.org/schema/beans/spring-beans-3.0.xsd
		http://www.springframework.org/schema/integration/mail
		http://www.springframework.org/schema/integration/mail/spring-integration-mail-2.0.xsd
		http://www.springframework.org/schema/util
		http://www.springframework.org/schema/util/spring-util-3.0.xsd">

  <int:channel id="inputChannel"/>

  <int:channel id="inputMail"/>

  <mail:mail-to-string-transformer input-channel="inputMail" output-channel="inputChannel"/>

  <mail:inbound-channel-adapter id="customAdapter"
                                store-uri=
                                    "imaps://[username]:[password]@imap.gmail.com:993/inbox"
                                channel="inputMail"
                                should-delete-messages="false"
                                should-mark-messages-as-read="false"
                                java-mail-properties="javaMailProperties">
    <int:poller max-messages-per-poll="1" fixed-rate="5000"/>
  </mail:inbound-channel-adapter>

  <util:properties id="javaMailProperties">
    <prop key="mail.imap.socketFactory.class">javax.net.ssl.SSLSocketFactory</prop>
    <prop key="mail.imap.socketFactory.fallback">false</prop>
    <prop key="mail.store.protocol">imaps</prop>
    <prop key="mail.debug">false</prop>
  </util:properties>

</beans>
