{"properties": [{
  "name": "apress.amqp.queue",
  "type": "java.lang.String",
  "description": "The AMQP Queue name"
},{
  "name": "apress.amqp.error-queue",
  "type": "java.lang.String",
  "description": "The AMQP Error Queue name"
},{
  "name": "apress.amqp.error-exchange",
  "type": "java.lang.String",
  "description": "The AMQP Error Exchange name"
},{
  "name": "apress.amqp.error-routing-key",
  "type": "java.lang.String",
  "description": "The Error Routing Key"
},{
  "name": "apress.amqp.reply-queue",
  "type": "java.lang.String",
  "description": "The AMQP Reply Queue name"
},{
  "name": "apress.amqp.reply-exchange-queue",
  "type": "java.lang.String",
  "description": "The AMQP Reply to an Exchange based on the routing key. Values: exchange/routingkey  or /routingkey or /"
},{
  "name": "apress.amqp.rate-queue",
  "type": "java.lang.String",
  "description": "The Rate Queue name"
},{
  "name": "apress.amqp.exchange",
  "type": "java.lang.String",
  "description": "The AMQP Exchange Queue name, default value set to the Default Exchange"
},{
  "name": "apress.amqp.rate-exchange",
  "type": "java.lang.String",
  "description": "The Rate Exhcnage name, default value set to the Default Exchange"
}]}