<beans xmlns="http://www.springframework.org/schema/beans"
       xmlns:xsi="http://www.w3.org/2001/XMLSchema-instance"
       xmlns:cache="http://www.springframework.org/schema/cache"
       xmlns:context="http://www.springframework.org/schema/context"
       xsi:schemaLocation="http://www.springframework.org/schema/beans http://www.springframework.org/schema/beans/spring-beans-4.2.xsd
                           http://www.springframework.org/schema/cache http://www.springframework.org/schema/cache/spring-cache-4.2.xsd
                           http://www.springframework.org/schema/context http://www.springframework.org/schema/context/spring-context.xsd">

    <cache:annotation-driven/>
    <context:annotation-config/>

    <!-- define caching behavior -->
    <cache:advice>
        <cache:caching cache="instruments, directory">
            <cache:cacheable method="findAll" unless="#result.size() > 25"/>
            <cache:cacheable method="findByIndex"/>
            <cache:cache-put method="save"/>
            <cache:cache-evict method="delete"/>
            <cache:cache-evict method="deleteAll" all-entries="true"/>
            <cache:cacheable method="play" condition="#instrument.equals('trombone')"/>
        </cache:caching>
    </cache:advice>

</beans>