<?xml version="1.0" encoding="UTF-8"?>
<!--
  ~ Copyright 2002-2011 the original author or authors.
  ~
  ~ Licensed under the Apache License, Version 2.0 (the "License");
  ~ you may not use this file except in compliance with the License.
  ~ You may obtain a copy of the License at
  ~
  ~      http://www.apache.org/licenses/LICENSE-2.0
  ~
  ~ Unless required by applicable law or agreed to in writing, software
  ~ distributed under the License is distributed on an "AS IS" BASIS,
  ~ WITHOUT WARRANTIES OR CONDITIONS OF ANY KIND, either express or implied.
  ~ See the License for the specific language governing permissions and
  ~ limitations under the License.
  -->

<beans xmlns="http://www.springframework.org/schema/beans"
       xmlns:int="http://www.springframework.org/schema/integration"
       xmlns:xsi="http://www.w3.org/2001/XMLSchema-instance"
       xmlns:xmpp="http://www.springframework.org/schema/integration/xmpp"
       xmlns:context="http://www.springframework.org/schema/context"
       xsi:schemaLocation="http://www.springframework.org/schema/integration/xmpp
    http://www.springframework.org/schema/integration/xmpp/spring-integration-xmpp-2.0.xsd
    http://www.springframework.org/schema/beans
    http://www.springframework.org/schema/beans/spring-beans-3.0.xsd
    http://www.springframework.org/schema/integration
    http://www.springframework.org/schema/integration/spring-integration-2.0.xsd
    http://www.springframework.org/schema/context
    http://www.springframework.org/schema/context/spring-context-3.0.xsd">

  <context:component-scan base-package="com.apress.prospringintegration.social.xmpp"/>
  <context:property-placeholder location="/spring/xmpp/xmpp.properties"/>

  <int:channel id="xmppOutbound"/>
  <int:channel id="input"/>

  <xmpp:outbound-channel-adapter channel="xmppOutbound"
                                 xmpp-connection="xmppConnectionFactoryBean"/>

  <xmpp:header-enricher input-channel="input" output-channel="xmppOutbound">
    <xmpp:chat-to value="[username]@gmail.com"/>
  </xmpp:header-enricher>

</beans>
