<?xml version="1.0" encoding="UTF-8"?>
<beans xmlns="http://www.springframework.org/schema/beans"
	xmlns:xsi="http://www.w3.org/2001/XMLSchema-instance"
	xmlns:integration="http://www.springframework.org/schema/integration"
	xsi:schemaLocation="http://www.springframework.org/schema/beans
			https://www.springframework.org/schema/beans/spring-beans.xsd
			http://www.springframework.org/schema/integration
			https://www.springframework.org/schema/integration/spring-integration.xsd">

	<bean id="jmsConnectionFactory" class="org.springframework.jms.connection.CachingConnectionFactory">
		<property name="targetConnectionFactory">
			<bean class="org.apache.activemq.ActiveMQConnectionFactory">
				<property name="brokerURL" value="vm://localhost?broker.persistent=false"/>
			</bean>
		</property>
		<property name="sessionCacheSize" value="10"/>
		<property name="cacheConsumers" value="false"/>
	</bean>

	<bean id="requestQueue" class="org.apache.activemq.command.ActiveMQQueue">
		<constructor-arg value="queue.demo"/>
	</bean>

	<bean id="requestTopic" class="org.apache.activemq.command.ActiveMQTopic">
		<constructor-arg value="topic.demo"/>
	</bean>

	<bean id="replyQueue" class="org.apache.activemq.command.ActiveMQQueue">
		<constructor-arg value="queue.reply"/>
	</bean>

	<integration:poller id="poller" default="true" fixed-delay="1000"/>

</beans>
