<?xml version="1.0" encoding="UTF-8"?>
<beans:beans xmlns="http://www.springframework.org/schema/integration"
	xmlns:xsi="http://www.w3.org/2001/XMLSchema-instance"
	xmlns:beans="http://www.springframework.org/schema/beans"
	xmlns:jms="http://www.springframework.org/schema/integration/jms"
	xmlns:stream="http://www.springframework.org/schema/integration/stream"
	xsi:schemaLocation="http://www.springframework.org/schema/beans
			https://www.springframework.org/schema/beans/spring-beans.xsd
			http://www.springframework.org/schema/integration
			https://www.springframework.org/schema/integration/spring-integration.xsd
			http://www.springframework.org/schema/integration/jms
			https://www.springframework.org/schema/integration/jms/spring-integration-jms.xsd
			http://www.springframework.org/schema/integration/stream
			https://www.springframework.org/schema/integration/stream/spring-integration-stream.xsd">

	<jms:message-driven-channel-adapter id="jmsIn"
			destination="requestQueue"
			channel="jmsInChannel" />

	<channel id="jmsInChannel" />


	<beans:beans profile="default">

		<stream:stdout-channel-adapter id="stdout" channel="jmsInChannel" append-newline="true"/>

	</beans:beans>

	<beans:beans profile="testCase">

		<bridge input-channel="jmsInChannel" output-channel="queueChannel"/>

		<channel id="queueChannel">
			<queue />
		</channel>

	</beans:beans>

</beans:beans>
