<?xml version="1.0" encoding="UTF-8"?>
<Configuration status="WARN">
	<Appenders>
		<Console name="Console" target="SYSTEM_OUT">
			<PatternLayout pattern="%d{HH:mm:ss.SSS} %-5p [%t][%c] %m%n" />
		</Console>
	</Appenders>
	<Loggers>
		<Root level="info">
			<AppenderRef ref="Console" />
		</Root>
		<Logger name="org.springframework" level="warn" />
		<Logger name="org.springframework.integration" level="warn" />
		<Logger name="org.springframework.integration.samples" level="debug" />
		<Logger name="loggingInterceptor" level="debug" />
	</Loggers>
</Configuration>
