<?xml version="1.0" encoding="UTF-8" standalone="no"?>
<component-info-list>
  <component-info>
    <description>This is a pojo service engine.</description>
    <name>sun-pojo-engine</name>
    <state>Installed</state>
    <type>Engine</type>
  </component-info>
  <component-info>
    <description>Database binding</description>
    <name>sun-database-binding</name>
    <state>Installed</state>
    <type>Binding</type>
  </component-info>
  <component-info>
    <description>Email Binding</description>
    <name>sun-email-binding</name>
    <state>Installed</state>
    <type>Binding</type>
  </component-info>
  <component-info>
    <description>File Binding</description>
    <name>sun-file-binding</name>
    <state>Installed</state>
    <type>Binding</type>
  </component-info>
  <component-info>
    <description>FTP Binding</description>
    <name>sun-ftp-binding</name>
    <state>Installed</state>
    <type>Binding</type>
  </component-info>
  <component-info>
    <description>HTTP Soap Binding to send SOAP messages e.g. to and from BPEL service engine.</description>
    <name>sun-http-binding</name>
    <state>Installed</state>
    <type>Binding</type>
  </component-info>
  <component-info>
    <description>JMS Binding</description>
    <name>sun-jms-binding</name>
    <state>Installed</state>
    <type>Binding</type>
  </component-info>
  <component-info>
    <description>LDAP binding</description>
    <name>sun-ldap-binding</name>
    <state>Installed</state>
    <type>Binding</type>
  </component-info>
  <component-info>
    <description>REST Binding</description>
    <name>sun-rest-binding</name>
    <state>Installed</state>
    <type>Binding</type>
  </component-info>
  <component-info>
    <description>Scheduler Binding</description>
    <name>sun-scheduler-binding</name>
    <state>Installed</state>
    <type>Binding</type>
  </component-info>
  <component-info>
    <description>This is a edm service engine.</description>
    <name>sun-edm-engine</name>
    <state>Installed</state>
    <type>Engine</type>
  </component-info>
  <component-info>
    <description>This is a bpel service engine.</description>
    <name>sun-bpel-engine</name>
    <state>Installed</state>
    <type>Engine</type>
  </component-info>
  <component-info>
    <description>Java EE service engine.</description>
    <name>sun-javaee-engine</name>
    <state>Installed</state>
    <type>Engine</type>
  </component-info>
  <component-info>
    <description>This is a xslt service engine.</description>
    <name>sun-xslt-engine</name>
    <state>Installed</state>
    <type>Engine</type>
  </component-info>
</component-info-list>
