<?xml version="1.0" encoding="UTF-8"?>
<!--
  ~ Copyright 2002-2011 the original author or authors.
  ~
  ~ Licensed under the Apache License, Version 2.0 (the "License");
  ~ you may not use this file except in compliance with the License.
  ~ You may obtain a copy of the License at
  ~
  ~      http://www.apache.org/licenses/LICENSE-2.0
  ~
  ~ Unless required by applicable law or agreed to in writing, software
  ~ distributed under the License is distributed on an "AS IS" BASIS,
  ~ WITHOUT WARRANTIES OR CONDITIONS OF ANY KIND, either express or implied.
  ~ See the License for the specific language governing permissions and
  ~ limitations under the License.
  -->

<beans xmlns="http://www.springframework.org/schema/beans"
       xmlns:xsi="http://www.w3.org/2001/XMLSchema-instance"
       xmlns:jdbc="http://www.springframework.org/schema/jdbc"
       xmlns:int="http://www.springframework.org/schema/integration"
       xmlns:context="http://www.springframework.org/schema/context"
       xsi:schemaLocation="http://www.springframework.org/schema/integration
    http://www.springframework.org/schema/integration/spring-integration-2.0.xsd
    http://www.springframework.org/schema/beans
    http://www.springframework.org/schema/beans/spring-beans-3.0.xsd
    http://www.springframework.org/schema/jdbc
    http://www.springframework.org/schema/jdbc/spring-jdbc-3.0.xsd
    http://www.springframework.org/schema/context
    http://www.springframework.org/schema/context/spring-context-3.0.xsd">

  <context:property-placeholder location="spring/jdbc/jdbc.properties"/>

  <context:component-scan base-package="com.apress.prospringintegration.messagestore">
    <context:exclude-filter type="regex"
                            expression="com\.apress\.prospringintegration\.messagestore\.gemfire.*"/>
  </context:component-scan>

  <int:channel id="input"/>

  <int:channel id="output"/>

  <int:aggregator release-strategy="releaseStrategy"
                  correlation-strategy="correlationStrategy"
                  message-store="jdbcMessageGroupStore"
                  input-channel="input"
                  output-channel="output"/>

  <int:service-activator input-channel="output" ref="messageGroupStoreActivator"/>

  <jdbc:embedded-database id="dataSource">
    <jdbc:script
        location="classpath:org/springframework/integration/jdbc/schema-hsqldb.sql"/>
  </jdbc:embedded-database>

</beans>
